images/1385418c44fbe7a5beea79_jpg.rf.8592e0be1d9fb20ca0edacd2891e3cef.jpg,9,white-pawn,0.8436808586120605,413.9232482910156,133.34564208984375,485.0412292480469,233.01211547851562,True
images/1385418c44fbe7a5beea79_jpg.rf.8592e0be1d9fb20ca0edacd2891e3cef.jpg,2,black-knight,0.8177042603492737,230.4152374267578,71.16105651855469,310.1219787597656,211.3170928955078,True
---,,,,,,,,
images/1a1e74d1bcf71ea947e622_jpg.rf.5481d4114d667a18887e3606530dd938.jpg,4,black-queen,0.8584749102592468,374.76336669921875,234.5999755859375,453.317138671875,379.7484436035156,True
images/1a1e74d1bcf71ea947e622_jpg.rf.5481d4114d667a18887e3606530dd938.jpg,3,black-pawn,0.8560852408409119,280.5637512207031,292.2153625488281,341.23681640625,375.3203430175781,True
images/1a1e74d1bcf71ea947e622_jpg.rf.5481d4114d667a18887e3606530dd938.jpg,5,black-rook,0.8461694121360779,774.5624389648438,302.17449951171875,859.8890380859375,383.24859619140625,True
images/1a1e74d1bcf71ea947e622_jpg.rf.5481d4114d667a18887e3606530dd938.jpg,9,white-pawn,0.8368068337440491,287.82373046875,782.3739013671875,354.30340576171875,847.3065795898438,True
images/1a1e74d1bcf71ea947e622_jpg.rf.5481d4114d667a18887e3606530dd938.jpg,3,black-pawn,0.8345001339912415,571.0199584960938,287.7158508300781,636.2831420898438,377.5584411621094,True
images/1a1e74d1bcf71ea947e622_jpg.rf.5481d4114d667a18887e3606530dd938.jpg,9,white-pawn,0.8335350751876831,386.4376220703125,680.5131225585938,455.39862060546875,753.7601928710938,True
images/1a1e74d1bcf71ea947e622_jpg.rf.5481d4114d667a18887e3606530dd938.jpg,3,black-pawn,0.8324379324913025,483.81085205078125,284.2792663574219,541.3441162109375,370.08099365234375,True
images/1a1e74d1bcf71ea947e622_jpg.rf.5481d4114d667a18887e3606530dd938.jpg,2,black-knight,0.8291239738464355,275.6555480957031,371.6091003417969,355.4865417480469,466.3681335449219,True
images/1a1e74d1bcf71ea947e622_jpg.rf.5481d4114d667a18887e3606530dd938.jpg,5,black-rook,0.8225228786468506,764.662841796875,159.20480346679688,864.2472534179688,269.24163818359375,True
images/1a1e74d1bcf71ea947e622_jpg.rf.5481d4114d667a18887e3606530dd938.jpg,0,black-bishop,0.8135132193565369,568.7616577148438,158.50059509277344,641.08935546875,273.017578125,True
images/1a1e74d1bcf71ea947e622_jpg.rf.5481d4114d667a18887e3606530dd938.jpg,9,white-pawn,0.8131213784217834,488.7044677734375,583.3240966796875,548.0580444335938,655.5426635742188,True
images/1a1e74d1bcf71ea947e622_jpg.rf.5481d4114d667a18887e3606530dd938.jpg,9,white-pawn,0.8112415671348572,379.90179443359375,781.3694458007812,445.6311340332031,850.215087890625,True
images/1a1e74d1bcf71ea947e622_jpg.rf.5481d4114d667a18887e3606530dd938.jpg,3,black-pawn,0.8069269061088562,188.4578399658203,387.4806823730469,258.0378112792969,464.9953308105469,True
---,,,,,,,,
images/1a8098759a02395c601362_jpg.rf.26cf80eef1866974f0c5c3e9caf1b992.jpg,2,black-knight,0.8422263264656067,218.27835083007812,239.01551818847656,287.6529846191406,348.7798156738281,True
images/1a8098759a02395c601362_jpg.rf.26cf80eef1866974f0c5c3e9caf1b992.jpg,2,black-knight,0.8254380226135254,752.969482421875,306.0436706542969,835.5513916015625,419.846435546875,True
images/1a8098759a02395c601362_jpg.rf.26cf80eef1866974f0c5c3e9caf1b992.jpg,3,black-pawn,0.8224477171897888,579.4714965820312,332.0751647949219,631.4483642578125,422.25506591796875,True
---,,,,,,,,
images/1b95329a37ed94b3cdfc75_jpg.rf.62701d00a20909e2890880ddf06d14a8.jpg,4,black-queen,0.8652840852737427,359.8109130859375,141.063232421875,450.9102783203125,314.2974548339844,True
images/1b95329a37ed94b3cdfc75_jpg.rf.62701d00a20909e2890880ddf06d14a8.jpg,11,white-rook,0.852135181427002,138.4796600341797,181.9550323486328,235.58462524414062,306.10552978515625,True
images/1b95329a37ed94b3cdfc75_jpg.rf.62701d00a20909e2890880ddf06d14a8.jpg,2,black-knight,0.8386436104774475,128.03265380859375,408.9544677734375,236.90158081054688,506.4583435058594,True
images/1b95329a37ed94b3cdfc75_jpg.rf.62701d00a20909e2890880ddf06d14a8.jpg,6,white-bishop,0.8020572066307068,258.7131042480469,382.6701965332031,340.5106506347656,492.2751770019531,True
---,,,,,,,,
images/21a1538256f5f5abace471_jpg.rf.64b2cc248a5a305434373e332fb6384a.jpg,7,white-king,0.8834417462348938,466.27996826171875,520.1588745117188,539.1503295898438,676.8943481445312,True
images/21a1538256f5f5abace471_jpg.rf.64b2cc248a5a305434373e332fb6384a.jpg,2,black-knight,0.8617175817489624,470.5256652832031,664.6281127929688,536.1793212890625,759.2286376953125,True
images/21a1538256f5f5abace471_jpg.rf.64b2cc248a5a305434373e332fb6384a.jpg,11,white-rook,0.8539751172065735,225.4122772216797,431.68304443359375,289.37420654296875,524.839111328125,True
images/21a1538256f5f5abace471_jpg.rf.64b2cc248a5a305434373e332fb6384a.jpg,4,black-queen,0.8485214114189148,392.7571105957031,401.0318298339844,456.4434509277344,534.7642822265625,True
images/21a1538256f5f5abace471_jpg.rf.64b2cc248a5a305434373e332fb6384a.jpg,2,black-knight,0.8435592651367188,200.5390625,590.2993774414062,280.8897705078125,679.2164916992188,True
images/21a1538256f5f5abace471_jpg.rf.64b2cc248a5a305434373e332fb6384a.jpg,6,white-bishop,0.8236657977104187,306.4988098144531,569.3111572265625,369.4010925292969,668.2908325195312,True
images/21a1538256f5f5abace471_jpg.rf.64b2cc248a5a305434373e332fb6384a.jpg,5,black-rook,0.8143820762634277,108.29918670654297,677.8429565429688,190.77377319335938,757.2988891601562,True
images/21a1538256f5f5abace471_jpg.rf.64b2cc248a5a305434373e332fb6384a.jpg,1,black-king,0.8021115660667419,179.0873260498047,739.85205078125,276.4163818359375,845.6571655273438,True
---,,,,,,,,
images/21b123032174822adb6550_jpg.rf.6030cccae5f6f04e08634c5589c5e15b.jpg,11,white-rook,0.8879704475402832,203.06243896484375,183.1826171875,290.6535949707031,298.7301940917969,True
images/21b123032174822adb6550_jpg.rf.6030cccae5f6f04e08634c5589c5e15b.jpg,11,white-rook,0.8879414200782776,304.14776611328125,375.40087890625,390.8111267089844,485.4789123535156,True
images/21b123032174822adb6550_jpg.rf.6030cccae5f6f04e08634c5589c5e15b.jpg,2,black-knight,0.8859339356422424,695.0841674804688,96.57135009765625,764.5032958984375,218.1188507080078,True
images/21b123032174822adb6550_jpg.rf.6030cccae5f6f04e08634c5589c5e15b.jpg,0,black-bishop,0.8651123046875,787.4004516601562,71.6986312866211,863.13330078125,207.07327270507812,True
images/21b123032174822adb6550_jpg.rf.6030cccae5f6f04e08634c5589c5e15b.jpg,4,black-queen,0.857039749622345,716.05810546875,343.48858642578125,817.4149780273438,474.94451904296875,True
images/21b123032174822adb6550_jpg.rf.6030cccae5f6f04e08634c5589c5e15b.jpg,10,white-queen,0.8504199385643005,407.1949462890625,237.50704956054688,494.09771728515625,388.9666442871094,True
images/21b123032174822adb6550_jpg.rf.6030cccae5f6f04e08634c5589c5e15b.jpg,3,black-pawn,0.8427973985671997,632.1478881835938,290.73956298828125,693.703369140625,383.2154541015625,True
images/21b123032174822adb6550_jpg.rf.6030cccae5f6f04e08634c5589c5e15b.jpg,3,black-pawn,0.8396332859992981,826.0286254882812,480.4776916503906,901.666748046875,562.5968017578125,True
images/21b123032174822adb6550_jpg.rf.6030cccae5f6f04e08634c5589c5e15b.jpg,8,white-knight,0.83201664686203,507.28466796875,89.58940124511719,578.7564697265625,208.26187133789062,True
images/21b123032174822adb6550_jpg.rf.6030cccae5f6f04e08634c5589c5e15b.jpg,9,white-pawn,0.8316382169723511,433.3937683105469,596.1155395507812,502.32574462890625,673.55322265625,True
---,,,,,,,,
images/2530729b70ecd3b28afd49_jpg.rf.0e300b6e03cf31d44f454a95413fbf6b.jpg,8,white-knight,0.858159601688385,531.6566162109375,196.405029296875,618.5258178710938,289.0293273925781,True
---,,,,,,,,
images/2b1157405537f669af2644_jpg.rf.2631a095db57c4c87d6a9c4cc44388c2.jpg,3,black-pawn,0.8802577257156372,297.4908142089844,337.023193359375,365.2916564941406,412.27099609375,True
images/2b1157405537f669af2644_jpg.rf.2631a095db57c4c87d6a9c4cc44388c2.jpg,9,white-pawn,0.8387909531593323,600.1444702148438,851.137939453125,662.4221801757812,923.5523071289062,True
images/2b1157405537f669af2644_jpg.rf.2631a095db57c4c87d6a9c4cc44388c2.jpg,9,white-pawn,0.8369163870811462,197.09487915039062,840.4646606445312,259.4391784667969,904.8499755859375,True
images/2b1157405537f669af2644_jpg.rf.2631a095db57c4c87d6a9c4cc44388c2.jpg,0,black-bishop,0.8286283016204834,291.2096862792969,230.3738250732422,375.94451904296875,330.0325927734375,True
images/2b1157405537f669af2644_jpg.rf.2631a095db57c4c87d6a9c4cc44388c2.jpg,9,white-pawn,0.8254486918449402,491.771728515625,848.7131958007812,558.9454956054688,921.5598754882812,True
images/2b1157405537f669af2644_jpg.rf.2631a095db57c4c87d6a9c4cc44388c2.jpg,9,white-pawn,0.8251737952232361,400.2979736328125,839.6851196289062,464.06353759765625,918.5740356445312,True
images/2b1157405537f669af2644_jpg.rf.2631a095db57c4c87d6a9c4cc44388c2.jpg,3,black-pawn,0.8227829337120056,411.8716735839844,358.63348388671875,478.244873046875,431.55377197265625,True
images/2b1157405537f669af2644_jpg.rf.2631a095db57c4c87d6a9c4cc44388c2.jpg,9,white-pawn,0.8087560534477234,93.45067596435547,934.7261962890625,165.85975646972656,1007.1635131835938,True
images/2b1157405537f669af2644_jpg.rf.2631a095db57c4c87d6a9c4cc44388c2.jpg,5,black-rook,0.8047055602073669,46.27675247192383,213.66445922851562,160.01919555664062,315.2151794433594,True
images/2b1157405537f669af2644_jpg.rf.2631a095db57c4c87d6a9c4cc44388c2.jpg,9,white-pawn,0.8034218549728394,297.0358581542969,832.5071411132812,358.896484375,911.5493774414062,True
---,,,,,,,,
images/31e093479130326e6b2147_jpg.rf.928ca71f83a4762f65e41c192638ecab.jpg,2,black-knight,0.8200828433036804,768.8861694335938,169.50489807128906,845.2276611328125,280.616455078125,True
images/31e093479130326e6b2147_jpg.rf.928ca71f83a4762f65e41c192638ecab.jpg,11,white-rook,0.8135725259780884,256.4608154296875,296.4580078125,350.8876037597656,382.1284484863281,True
images/31e093479130326e6b2147_jpg.rf.928ca71f83a4762f65e41c192638ecab.jpg,8,white-knight,0.8025237321853638,555.62255859375,178.67178344726562,642.5797729492188,275.70831298828125,True
---,,,,,,,,
images/34cc6e106c67cf39967669_jpg.rf.dbfa8d91a05b039762b09d2fcac358bd.jpg,10,white-queen,0.8433161377906799,479.0193176269531,589.2431030273438,571.6038208007812,681.2435302734375,True
images/34cc6e106c67cf39967669_jpg.rf.dbfa8d91a05b039762b09d2fcac358bd.jpg,9,white-pawn,0.8265580534934998,498.89630126953125,497.3910827636719,563.4061279296875,567.328369140625,True
images/34cc6e106c67cf39967669_jpg.rf.dbfa8d91a05b039762b09d2fcac358bd.jpg,4,black-queen,0.8040114045143127,381.83209228515625,360.2159729003906,475.94097900390625,482.2248840332031,True
---,,,,,,,,
---,,,,,,,,
images/3e8ec62b0e0dac53f51c29_jpg.rf.e106c345c4b3ee938ecc228eb5428931.jpg,5,black-rook,0.8664644360542297,780.9822387695312,305.50909423828125,870.72607421875,391.04290771484375,True
images/3e8ec62b0e0dac53f51c29_jpg.rf.e106c345c4b3ee938ecc228eb5428931.jpg,3,black-pawn,0.8651540279388428,490.6815490722656,282.5512390136719,554.0138549804688,372.609375,True
images/3e8ec62b0e0dac53f51c29_jpg.rf.e106c345c4b3ee938ecc228eb5428931.jpg,2,black-knight,0.8524209260940552,186.039794921875,674.8043212890625,262.4363708496094,750.1766357421875,True
images/3e8ec62b0e0dac53f51c29_jpg.rf.e106c345c4b3ee938ecc228eb5428931.jpg,3,black-pawn,0.8392735719680786,578.7026977539062,290.4060363769531,643.7084350585938,378.607177734375,True
images/3e8ec62b0e0dac53f51c29_jpg.rf.e106c345c4b3ee938ecc228eb5428931.jpg,5,black-rook,0.8242587447166443,670.8417358398438,168.00160217285156,765.31494140625,275.7404479980469,True
images/3e8ec62b0e0dac53f51c29_jpg.rf.e106c345c4b3ee938ecc228eb5428931.jpg,2,black-knight,0.8186243176460266,286.6927185058594,678.0028686523438,356.92156982421875,750.7618408203125,True
images/3e8ec62b0e0dac53f51c29_jpg.rf.e106c345c4b3ee938ecc228eb5428931.jpg,8,white-knight,0.8167682886123657,177.86895751953125,575.778076171875,257.5077209472656,647.921630859375,True
images/3e8ec62b0e0dac53f51c29_jpg.rf.e106c345c4b3ee938ecc228eb5428931.jpg,10,white-queen,0.8159042596817017,667.3538208007812,258.6785888671875,775.2337646484375,385.8807373046875,True
images/3e8ec62b0e0dac53f51c29_jpg.rf.e106c345c4b3ee938ecc228eb5428931.jpg,2,black-knight,0.8144693970680237,382.1915588378906,581.7067260742188,460.3197326660156,665.1683959960938,True
images/3e8ec62b0e0dac53f51c29_jpg.rf.e106c345c4b3ee938ecc228eb5428931.jpg,9,white-pawn,0.8138291239738464,492.6449890136719,587.2901000976562,555.3228759765625,658.12744140625,True
images/3e8ec62b0e0dac53f51c29_jpg.rf.e106c345c4b3ee938ecc228eb5428931.jpg,4,black-queen,0.8114336729049683,381.06732177734375,234.87001037597656,462.46533203125,377.3692626953125,True
images/3e8ec62b0e0dac53f51c29_jpg.rf.e106c345c4b3ee938ecc228eb5428931.jpg,9,white-pawn,0.8040787577629089,584.07568359375,597.910888671875,650.6312255859375,667.0816650390625,True
images/3e8ec62b0e0dac53f51c29_jpg.rf.e106c345c4b3ee938ecc228eb5428931.jpg,9,white-pawn,0.801387369632721,193.26182556152344,481.75213623046875,266.98773193359375,560.5769653320312,True
---,,,,,,,,
---,,,,,,,,
images/44b1563b544cf712ae5d55_jpg.rf.3c2bdc051b129b7294f389952bfdaf98.jpg,8,white-knight,0.8613308668136597,498.39715576171875,62.91804504394531,572.0571899414062,202.7271270751953,True
images/44b1563b544cf712ae5d55_jpg.rf.3c2bdc051b129b7294f389952bfdaf98.jpg,9,white-pawn,0.8604065179824829,271.1000061035156,408.32977294921875,356.7470703125,506.94635009765625,True
images/44b1563b544cf712ae5d55_jpg.rf.3c2bdc051b129b7294f389952bfdaf98.jpg,8,white-knight,0.8454797267913818,396.0052185058594,168.80397033691406,471.1702880859375,297.41796875,True
images/44b1563b544cf712ae5d55_jpg.rf.3c2bdc051b129b7294f389952bfdaf98.jpg,10,white-queen,0.8386296033859253,239.17100524902344,518.9534301757812,379.035888671875,650.9510498046875,True
images/44b1563b544cf712ae5d55_jpg.rf.3c2bdc051b129b7294f389952bfdaf98.jpg,4,black-queen,0.827527642250061,822.7048950195312,231.90843200683594,933.2363891601562,383.3962097167969,True
images/44b1563b544cf712ae5d55_jpg.rf.3c2bdc051b129b7294f389952bfdaf98.jpg,2,black-knight,0.8150076270103455,691.6961059570312,79.90615844726562,771.705322265625,212.35211181640625,True
---,,,,,,,,
images/46eaa54f6d69cf37967828_jpg.rf.c0f3af9fed321347857af2791715f3a9.jpg,3,black-pawn,0.8703920841217041,490.6026611328125,332.84466552734375,558.15185546875,418.9981384277344,True
images/46eaa54f6d69cf37967828_jpg.rf.c0f3af9fed321347857af2791715f3a9.jpg,10,white-queen,0.8702029585838318,684.0661010742188,297.6639709472656,798.8656005859375,431.10943603515625,True
images/46eaa54f6d69cf37967828_jpg.rf.c0f3af9fed321347857af2791715f3a9.jpg,3,black-pawn,0.8589999675750732,587.1768188476562,336.4499816894531,657.5612182617188,424.5981750488281,True
images/46eaa54f6d69cf37967828_jpg.rf.c0f3af9fed321347857af2791715f3a9.jpg,9,white-pawn,0.8585000038146973,499.4877014160156,654.0283203125,564.750244140625,723.7081909179688,True
images/46eaa54f6d69cf37967828_jpg.rf.c0f3af9fed321347857af2791715f3a9.jpg,3,black-pawn,0.8545014262199402,387.6075439453125,545.9071655273438,458.4879455566406,620.1549072265625,True
images/46eaa54f6d69cf37967828_jpg.rf.c0f3af9fed321347857af2791715f3a9.jpg,2,black-knight,0.853877604007721,175.65365600585938,439.2848205566406,256.60919189453125,520.7130737304688,True
images/46eaa54f6d69cf37967828_jpg.rf.c0f3af9fed321347857af2791715f3a9.jpg,8,white-knight,0.8428522348403931,272.5657958984375,858.209716796875,353.6240539550781,942.8209838867188,True
images/46eaa54f6d69cf37967828_jpg.rf.c0f3af9fed321347857af2791715f3a9.jpg,9,white-pawn,0.8078267574310303,594.3529663085938,660.2205810546875,665.7782592773438,729.6250610351562,True
images/46eaa54f6d69cf37967828_jpg.rf.c0f3af9fed321347857af2791715f3a9.jpg,2,black-knight,0.8068981766700745,585.1094970703125,742.6227416992188,671.3972778320312,827.6827392578125,True
---,,,,,,,,
images/4b942f5be77d45231c6c25_jpg.rf.d5fc14bab9670b31ca7c12525d70da2e.jpg,9,white-pawn,0.8749650716781616,604.6305541992188,599.054443359375,672.0326538085938,666.6389770507812,True
images/4b942f5be77d45231c6c25_jpg.rf.d5fc14bab9670b31ca7c12525d70da2e.jpg,3,black-pawn,0.8728317618370056,302.2919006347656,286.4493408203125,363.9903259277344,367.3497619628906,True
images/4b942f5be77d45231c6c25_jpg.rf.d5fc14bab9670b31ca7c12525d70da2e.jpg,4,black-queen,0.8723899126052856,395.9867248535156,227.3070831298828,476.16680908203125,370.3271179199219,True
images/4b942f5be77d45231c6c25_jpg.rf.d5fc14bab9670b31ca7c12525d70da2e.jpg,3,black-pawn,0.8598087430000305,599.5809326171875,283.18902587890625,666.8875122070312,371.1487121582031,True
images/4b942f5be77d45231c6c25_jpg.rf.d5fc14bab9670b31ca7c12525d70da2e.jpg,1,black-king,0.850469708442688,506.65521240234375,130.72604370117188,592.3942260742188,273.5686950683594,True
images/4b942f5be77d45231c6c25_jpg.rf.d5fc14bab9670b31ca7c12525d70da2e.jpg,2,black-knight,0.8504191040992737,293.9136657714844,375.404541015625,373.8856201171875,468.8887023925781,True
images/4b942f5be77d45231c6c25_jpg.rf.d5fc14bab9670b31ca7c12525d70da2e.jpg,5,black-rook,0.8408102989196777,690.3131103515625,149.50930786132812,782.6497192382812,271.45953369140625,True
images/4b942f5be77d45231c6c25_jpg.rf.d5fc14bab9670b31ca7c12525d70da2e.jpg,2,black-knight,0.8404517769813538,186.26089477539062,141.3080291748047,271.4571533203125,254.58985900878906,True
images/4b942f5be77d45231c6c25_jpg.rf.d5fc14bab9670b31ca7c12525d70da2e.jpg,3,black-pawn,0.8378320932388306,99.14517974853516,265.41839599609375,172.09576416015625,350.7044982910156,True
images/4b942f5be77d45231c6c25_jpg.rf.d5fc14bab9670b31ca7c12525d70da2e.jpg,2,black-knight,0.8325267434120178,398.41717529296875,585.6072998046875,476.6820068359375,666.7293701171875,True
images/4b942f5be77d45231c6c25_jpg.rf.d5fc14bab9670b31ca7c12525d70da2e.jpg,3,black-pawn,0.8319019675254822,507.2297668457031,274.1397399902344,570.8433227539062,366.5561218261719,True
images/4b942f5be77d45231c6c25_jpg.rf.d5fc14bab9670b31ca7c12525d70da2e.jpg,3,black-pawn,0.818276584148407,203.5382843017578,384.0770568847656,272.38037109375,459.4917297363281,True
images/4b942f5be77d45231c6c25_jpg.rf.d5fc14bab9670b31ca7c12525d70da2e.jpg,9,white-pawn,0.8178842067718506,512.7626342773438,595.4903564453125,576.0344848632812,662.0943603515625,True
images/4b942f5be77d45231c6c25_jpg.rf.d5fc14bab9670b31ca7c12525d70da2e.jpg,3,black-pawn,0.8172352910041809,406.7684326171875,490.46429443359375,469.6449890136719,560.957275390625,True
images/4b942f5be77d45231c6c25_jpg.rf.d5fc14bab9670b31ca7c12525d70da2e.jpg,9,white-pawn,0.813398003578186,191.23953247070312,582.3651123046875,266.35418701171875,652.9296264648438,True
---,,,,,,,,
images/51e389408b372869712646_jpg.rf.850489d464b6294b9c5a32e6a8ccd013.jpg,11,white-rook,0.8816869854927063,303.83941650390625,298.8440856933594,387.95416259765625,381.372802734375,True
images/51e389408b372869712646_jpg.rf.850489d464b6294b9c5a32e6a8ccd013.jpg,8,white-knight,0.8230285048484802,613.0668334960938,195.71929931640625,689.921875,289.1227111816406,True
images/51e389408b372869712646_jpg.rf.850489d464b6294b9c5a32e6a8ccd013.jpg,9,white-pawn,0.8135534524917603,536.9415893554688,693.04541015625,601.0133056640625,772.7693481445312,True
---,,,,,,,,
images/589ec339c14e62103b5f45_jpg.rf.e0808d968e32b951104b1a5b30478a6c.jpg,5,black-rook,0.8840113282203674,130.8404083251953,279.57745361328125,221.63694763183594,382.8869323730469,True
images/589ec339c14e62103b5f45_jpg.rf.e0808d968e32b951104b1a5b30478a6c.jpg,2,black-knight,0.8554918766021729,237.65489196777344,269.9220886230469,316.79022216796875,373.92059326171875,True
images/589ec339c14e62103b5f45_jpg.rf.e0808d968e32b951104b1a5b30478a6c.jpg,9,white-pawn,0.8468925356864929,306.6721496582031,853.3901977539062,372.1251220703125,927.9409790039062,True
images/589ec339c14e62103b5f45_jpg.rf.e0808d968e32b951104b1a5b30478a6c.jpg,9,white-pawn,0.8463860750198364,703.529052734375,890.30126953125,775.7576904296875,962.2217407226562,True
images/589ec339c14e62103b5f45_jpg.rf.e0808d968e32b951104b1a5b30478a6c.jpg,3,black-pawn,0.8454894423484802,237.7895050048828,381.56048583984375,303.83612060546875,469.8321228027344,True
images/589ec339c14e62103b5f45_jpg.rf.e0808d968e32b951104b1a5b30478a6c.jpg,9,white-pawn,0.8411349654197693,607.0914916992188,878.2288818359375,674.2408447265625,949.6422729492188,True
images/589ec339c14e62103b5f45_jpg.rf.e0808d968e32b951104b1a5b30478a6c.jpg,3,black-pawn,0.8402602672576904,335.0227355957031,378.77838134765625,390.3025207519531,462.7546691894531,True
images/589ec339c14e62103b5f45_jpg.rf.e0808d968e32b951104b1a5b30478a6c.jpg,3,black-pawn,0.8358942270278931,692.4102783203125,393.10235595703125,754.1857299804688,476.6078796386719,True
images/589ec339c14e62103b5f45_jpg.rf.e0808d968e32b951104b1a5b30478a6c.jpg,9,white-pawn,0.8345097303390503,408.4646911621094,865.0852661132812,474.00726318359375,939.2439575195312,True
images/589ec339c14e62103b5f45_jpg.rf.e0808d968e32b951104b1a5b30478a6c.jpg,2,black-knight,0.8339894413948059,699.5018920898438,272.8635559082031,783.168212890625,383.21435546875,True
images/589ec339c14e62103b5f45_jpg.rf.e0808d968e32b951104b1a5b30478a6c.jpg,9,white-pawn,0.8238530158996582,501.0006103515625,876.8276977539062,566.9749145507812,947.5665283203125,True
images/589ec339c14e62103b5f45_jpg.rf.e0808d968e32b951104b1a5b30478a6c.jpg,3,black-pawn,0.8153418302536011,436.8351135253906,394.99267578125,492.0668640136719,482.73419189453125,True
images/589ec339c14e62103b5f45_jpg.rf.e0808d968e32b951104b1a5b30478a6c.jpg,8,white-knight,0.8036279082298279,594.32861328125,976.4349975585938,680.1588745117188,1068.2427978515625,True
---,,,,,,,,
---,,,,,,,,
---,,,,,,,,
images/5cd54a9a48edebb3b2fc41_jpg.rf.de9d2484b842b50fa61af63ee6694638.jpg,3,black-pawn,0.8808833360671997,166.22007751464844,315.0528259277344,242.59022521972656,403.55023193359375,True
images/5cd54a9a48edebb3b2fc41_jpg.rf.de9d2484b842b50fa61af63ee6694638.jpg,0,black-bishop,0.8734437823295593,280.07159423828125,198.1685791015625,358.94781494140625,312.2756042480469,True
images/5cd54a9a48edebb3b2fc41_jpg.rf.de9d2484b842b50fa61af63ee6694638.jpg,9,white-pawn,0.8630284667015076,167.1798095703125,844.6212158203125,236.55194091796875,914.6268920898438,True
images/5cd54a9a48edebb3b2fc41_jpg.rf.de9d2484b842b50fa61af63ee6694638.jpg,9,white-pawn,0.8530551195144653,392.0824279785156,839.9066772460938,458.3177795410156,915.1474609375,True
images/5cd54a9a48edebb3b2fc41_jpg.rf.de9d2484b842b50fa61af63ee6694638.jpg,3,black-pawn,0.8502117991447449,284.2140808105469,305.7895812988281,346.3653564453125,394.0771179199219,True
images/5cd54a9a48edebb3b2fc41_jpg.rf.de9d2484b842b50fa61af63ee6694638.jpg,9,white-pawn,0.8463542461395264,600.236572265625,843.663818359375,670.4878540039062,922.41796875,True
images/5cd54a9a48edebb3b2fc41_jpg.rf.de9d2484b842b50fa61af63ee6694638.jpg,1,black-king,0.8429776430130005,477.8521423339844,160.86624145507812,567.3543090820312,317.53729248046875,True
images/5cd54a9a48edebb3b2fc41_jpg.rf.de9d2484b842b50fa61af63ee6694638.jpg,9,white-pawn,0.8307950496673584,281.5876159667969,836.1793212890625,348.27239990234375,911.7073974609375,True
images/5cd54a9a48edebb3b2fc41_jpg.rf.de9d2484b842b50fa61af63ee6694638.jpg,9,white-pawn,0.8302857875823975,488.50567626953125,844.9470825195312,555.927001953125,922.6532592773438,True
images/5cd54a9a48edebb3b2fc41_jpg.rf.de9d2484b842b50fa61af63ee6694638.jpg,3,black-pawn,0.828960120677948,686.2288818359375,317.0246887207031,763.2505493164062,402.8316345214844,True
images/5cd54a9a48edebb3b2fc41_jpg.rf.de9d2484b842b50fa61af63ee6694638.jpg,3,black-pawn,0.8233776688575745,799.2405395507812,320.9320068359375,889.8167114257812,409.9401550292969,True
images/5cd54a9a48edebb3b2fc41_jpg.rf.de9d2484b842b50fa61af63ee6694638.jpg,2,black-knight,0.8217244148254395,159.23611450195312,166.99314880371094,251.59622192382812,284.6340026855469,True
images/5cd54a9a48edebb3b2fc41_jpg.rf.de9d2484b842b50fa61af63ee6694638.jpg,0,black-bishop,0.8151692748069763,600.7595825195312,191.27955627441406,679.9476928710938,303.7041320800781,True
images/5cd54a9a48edebb3b2fc41_jpg.rf.de9d2484b842b50fa61af63ee6694638.jpg,9,white-pawn,0.8137845396995544,698.1131591796875,850.3992919921875,768.1278076171875,927.2374877929688,True
---,,,,,,,,
images/64640babc38d61d3389c23_jpg.rf.79812970d5e4745489dd90cdb32ac408.jpg,3,black-pawn,0.8720331192016602,376.2422790527344,505.7999572753906,441.39007568359375,574.5931396484375,True
images/64640babc38d61d3389c23_jpg.rf.79812970d5e4745489dd90cdb32ac408.jpg,9,white-pawn,0.8676607012748718,577.8312377929688,610.8079223632812,642.5809936523438,677.291748046875,True
images/64640babc38d61d3389c23_jpg.rf.79812970d5e4745489dd90cdb32ac408.jpg,9,white-pawn,0.8604300618171692,483.62664794921875,605.529296875,546.6834716796875,671.6521606445312,True
images/64640babc38d61d3389c23_jpg.rf.79812970d5e4745489dd90cdb32ac408.jpg,4,black-queen,0.8563634157180786,361.91485595703125,246.64903259277344,443.43902587890625,387.53021240234375,True
images/64640babc38d61d3389c23_jpg.rf.79812970d5e4745489dd90cdb32ac408.jpg,5,black-rook,0.8490071892738342,51.63890075683594,167.4420166015625,156.20114135742188,276.43804931640625,True
images/64640babc38d61d3389c23_jpg.rf.79812970d5e4745489dd90cdb32ac408.jpg,3,black-pawn,0.8386362195014954,565.1600341796875,297.1217956542969,629.0518188476562,386.2328186035156,True
images/64640babc38d61d3389c23_jpg.rf.79812970d5e4745489dd90cdb32ac408.jpg,3,black-pawn,0.8377318978309631,474.55755615234375,294.2009582519531,534.625,380.1875915527344,True
images/64640babc38d61d3389c23_jpg.rf.79812970d5e4745489dd90cdb32ac408.jpg,5,black-rook,0.8340027928352356,776.279296875,306.9908752441406,857.7407836914062,393.7052307128906,True
images/64640babc38d61d3389c23_jpg.rf.79812970d5e4745489dd90cdb32ac408.jpg,2,black-knight,0.8256009221076965,262.578369140625,387.130859375,343.2998962402344,482.5209045410156,True
images/64640babc38d61d3389c23_jpg.rf.79812970d5e4745489dd90cdb32ac408.jpg,3,black-pawn,0.8233450055122375,266.6643981933594,302.3344421386719,331.931396484375,388.6294250488281,True
images/64640babc38d61d3389c23_jpg.rf.79812970d5e4745489dd90cdb32ac408.jpg,9,white-pawn,0.8010955452919006,275.0007019042969,806.1521606445312,346.3856506347656,874.6970825195312,True
---,,,,,,,,
images/687f85c587b224ec7da353_jpg.rf.37181f20127b4378ca80fcb361466e33.jpg,6,white-bishop,0.8429118990898132,552.3585815429688,161.5189666748047,639.4838256835938,267.2711486816406,True
images/687f85c587b224ec7da353_jpg.rf.37181f20127b4378ca80fcb361466e33.jpg,3,black-pawn,0.822298526763916,879.4508056640625,595.8282470703125,953.4278564453125,674.3203735351562,True
---,,,,,,,,
---,,,,,,,,
images/71323d3b384c9b12c25d77_jpg.rf.a5125cbb72c6a616d61109d8139fdcd2.jpg,9,white-pawn,0.8519988656044006,415.02630615234375,331.8563232421875,466.4364929199219,418.700439453125,True
images/71323d3b384c9b12c25d77_jpg.rf.a5125cbb72c6a616d61109d8139fdcd2.jpg,7,white-king,0.8401240110397339,563.556884765625,294.79962158203125,635.8231811523438,429.2262878417969,True
images/71323d3b384c9b12c25d77_jpg.rf.a5125cbb72c6a616d61109d8139fdcd2.jpg,9,white-pawn,0.8248981833457947,580.4821166992188,832.6790161132812,642.95263671875,908.979736328125,True
images/71323d3b384c9b12c25d77_jpg.rf.a5125cbb72c6a616d61109d8139fdcd2.jpg,3,black-pawn,0.8246738314628601,578.8627319335938,562.5142822265625,628.5541381835938,637.6452026367188,True
images/71323d3b384c9b12c25d77_jpg.rf.a5125cbb72c6a616d61109d8139fdcd2.jpg,2,black-knight,0.8063823580741882,268.4452209472656,322.8769226074219,329.2104187011719,411.532470703125,True
---,,,,,,,,
---,,,,,,,,
images/80fc646cac4a0e14575b30_jpg.rf.f89cf57e330bcd9500c6160dc2b13b9d.jpg,5,black-rook,0.8720773458480835,690.6715698242188,154.3908233642578,792.3416137695312,271.03558349609375,True
images/80fc646cac4a0e14575b30_jpg.rf.f89cf57e330bcd9500c6160dc2b13b9d.jpg,7,white-king,0.8718947768211365,688.1865234375,250.9065704345703,807.5955200195312,388.80810546875,True
images/80fc646cac4a0e14575b30_jpg.rf.f89cf57e330bcd9500c6160dc2b13b9d.jpg,3,black-pawn,0.8670607209205627,392.07501220703125,504.3713684082031,461.3026123046875,577.1848754882812,True
images/80fc646cac4a0e14575b30_jpg.rf.f89cf57e330bcd9500c6160dc2b13b9d.jpg,9,white-pawn,0.8510304689407349,501.85858154296875,610.3976440429688,568.3553466796875,677.5821533203125,True
images/80fc646cac4a0e14575b30_jpg.rf.f89cf57e330bcd9500c6160dc2b13b9d.jpg,3,black-pawn,0.8503860235214233,592.87353515625,291.0486755371094,663.7622680664062,380.0959777832031,True
images/80fc646cac4a0e14575b30_jpg.rf.f89cf57e330bcd9500c6160dc2b13b9d.jpg,2,black-knight,0.8369774222373962,589.63916015625,700.9043579101562,677.7866821289062,784.1702270507812,True
images/80fc646cac4a0e14575b30_jpg.rf.f89cf57e330bcd9500c6160dc2b13b9d.jpg,3,black-pawn,0.8368459939956665,495.8338623046875,283.4111328125,565.56884765625,376.4800109863281,True
images/80fc646cac4a0e14575b30_jpg.rf.f89cf57e330bcd9500c6160dc2b13b9d.jpg,11,white-rook,0.8312687277793884,165.87326049804688,150.4630889892578,267.28045654296875,271.78912353515625,True
images/80fc646cac4a0e14575b30_jpg.rf.f89cf57e330bcd9500c6160dc2b13b9d.jpg,5,black-rook,0.8298488855361938,810.986328125,303.8416442871094,906.3067626953125,391.0467529296875,True
images/80fc646cac4a0e14575b30_jpg.rf.f89cf57e330bcd9500c6160dc2b13b9d.jpg,9,white-pawn,0.8239098787307739,169.74609375,600.8223266601562,250.571533203125,673.990966796875,True
---,,,,,,,,
images/89a9168a13fdb0a3e9ec70_jpg.rf.d024ec581b702e82aff7a627784ebae4.jpg,9,white-pawn,0.8403268456459045,361.75384521484375,694.5353393554688,414.4039306640625,753.4368896484375,True
---,,,,,,,,
images/8a27c32ec65965073c4876_jpg.rf.11e6ceaae32c78ad52ed105f71bdf30e.jpg,7,white-king,0.8578994870185852,593.4022216796875,201.65940856933594,708.406005859375,338.43695068359375,True
images/8a27c32ec65965073c4876_jpg.rf.11e6ceaae32c78ad52ed105f71bdf30e.jpg,9,white-pawn,0.8532288074493408,399.2357482910156,202.27752685546875,465.8899230957031,320.8979187011719,True
images/8a27c32ec65965073c4876_jpg.rf.11e6ceaae32c78ad52ed105f71bdf30e.jpg,11,white-rook,0.8151773810386658,65.5603256225586,207.52960205078125,171.00283813476562,313.1252136230469,True
---,,,,,,,,
images/8a8b3718356f9631cf7e57_jpg.rf.8012d168f7254a2fe15eb5328cac101a.jpg,11,white-rook,0.8615831732749939,582.5228271484375,646.7564086914062,674.0228271484375,749.0025024414062,True
images/8a8b3718356f9631cf7e57_jpg.rf.8012d168f7254a2fe15eb5328cac101a.jpg,1,black-king,0.8347574472427368,79.8938980102539,353.9656066894531,196.23367309570312,485.2559814453125,True
images/8a8b3718356f9631cf7e57_jpg.rf.8012d168f7254a2fe15eb5328cac101a.jpg,2,black-knight,0.8160569667816162,761.4689331054688,363.6595153808594,846.2315063476562,474.071533203125,True
---,,,,,,,,
---,,,,,,,,
images/945c4efd4c8aefd4b69b43_jpg.rf.6c25ea23f28515242e9b75525bc1d5b6.jpg,1,black-king,0.8722123503684998,421.18316650390625,204.5191192626953,527.09814453125,363.5663146972656,True
images/945c4efd4c8aefd4b69b43_jpg.rf.6c25ea23f28515242e9b75525bc1d5b6.jpg,3,black-pawn,0.8569850921630859,550.9450073242188,352.1247863769531,614.0216674804688,440.8398742675781,True
images/945c4efd4c8aefd4b69b43_jpg.rf.6c25ea23f28515242e9b75525bc1d5b6.jpg,3,black-pawn,0.8515958786010742,259.6822509765625,364.174072265625,329.5075988769531,446.3935852050781,True
images/945c4efd4c8aefd4b69b43_jpg.rf.6c25ea23f28515242e9b75525bc1d5b6.jpg,2,black-knight,0.8458161950111389,659.1774291992188,206.080322265625,737.1689453125,334.1070251464844,True
images/945c4efd4c8aefd4b69b43_jpg.rf.6c25ea23f28515242e9b75525bc1d5b6.jpg,3,black-pawn,0.8402653932571411,654.898193359375,348.931396484375,710.4285278320312,443.1177062988281,True
images/945c4efd4c8aefd4b69b43_jpg.rf.6c25ea23f28515242e9b75525bc1d5b6.jpg,9,white-pawn,0.834365963935852,545.7401123046875,882.9732666015625,613.2464599609375,963.705322265625,True
images/945c4efd4c8aefd4b69b43_jpg.rf.6c25ea23f28515242e9b75525bc1d5b6.jpg,9,white-pawn,0.8334689140319824,147.02748107910156,856.1651611328125,209.7084503173828,922.2510375976562,True
images/945c4efd4c8aefd4b69b43_jpg.rf.6c25ea23f28515242e9b75525bc1d5b6.jpg,9,white-pawn,0.8236891627311707,649.3328857421875,896.8143920898438,721.3092651367188,979.9652709960938,True
images/945c4efd4c8aefd4b69b43_jpg.rf.6c25ea23f28515242e9b75525bc1d5b6.jpg,9,white-pawn,0.8221212029457092,430.6707458496094,878.6770629882812,498.6202392578125,954.9595336914062,True
images/945c4efd4c8aefd4b69b43_jpg.rf.6c25ea23f28515242e9b75525bc1d5b6.jpg,3,black-pawn,0.8054991364479065,567.7102661132812,227.45587158203125,630.7845458984375,343.8304748535156,True
images/945c4efd4c8aefd4b69b43_jpg.rf.6c25ea23f28515242e9b75525bc1d5b6.jpg,3,black-pawn,0.804944634437561,358.91192626953125,375.70513916015625,430.8043518066406,457.6385192871094,True
images/945c4efd4c8aefd4b69b43_jpg.rf.6c25ea23f28515242e9b75525bc1d5b6.jpg,3,black-pawn,0.8041030168533325,472.2559814453125,379.73974609375,534.224853515625,459.5470275878906,True
---,,,,,,,,
images/959f753c774bd4158d5a48_jpg.rf.f83f0c7f2c1a2bcba301e35b705cd622.jpg,8,white-knight,0.8472045063972473,527.599853515625,151.8275909423828,612.7546997070312,263.6470031738281,True
images/959f753c774bd4158d5a48_jpg.rf.f83f0c7f2c1a2bcba301e35b705cd622.jpg,3,black-pawn,0.8388322591781616,664.7984008789062,398.1485900878906,734.10546875,470.2756042480469,True
---,,,,,,,,
images/95ff8a6788102b4e720158_jpg.rf.d26888cdb9c204f05314732d21228bb1.jpg,9,white-pawn,0.8037161231040955,481.083251953125,804.4229125976562,539.7525634765625,868.0335693359375,True
---,,,,,,,,
images/9a5bf09438b29aecc3a324_jpg.rf.1ca2c7a59c2a70682c057c6ebefd1e49.jpg,4,black-queen,0.8818002343177795,373.4498596191406,193.717041015625,456.0787048339844,338.9554138183594,True
images/9a5bf09438b29aecc3a324_jpg.rf.1ca2c7a59c2a70682c057c6ebefd1e49.jpg,3,black-pawn,0.8494665026664734,574.0957641601562,242.91026306152344,639.6687622070312,334.7574768066406,True
images/9a5bf09438b29aecc3a324_jpg.rf.1ca2c7a59c2a70682c057c6ebefd1e49.jpg,9,white-pawn,0.8463361263275146,583.0333862304688,558.4682006835938,650.2396850585938,625.6109619140625,True
images/9a5bf09438b29aecc3a324_jpg.rf.1ca2c7a59c2a70682c057c6ebefd1e49.jpg,5,black-rook,0.8447163105010986,772.3052978515625,102.26464080810547,875.1016235351562,222.4775390625,True
images/9a5bf09438b29aecc3a324_jpg.rf.1ca2c7a59c2a70682c057c6ebefd1e49.jpg,9,white-pawn,0.8315933346748352,490.6154479980469,549.7786254882812,554.7761840820312,617.4158935546875,True
images/9a5bf09438b29aecc3a324_jpg.rf.1ca2c7a59c2a70682c057c6ebefd1e49.jpg,3,black-pawn,0.8233570456504822,484.7841491699219,241.54246520996094,544.0814208984375,330.8945617675781,True
images/9a5bf09438b29aecc3a324_jpg.rf.1ca2c7a59c2a70682c057c6ebefd1e49.jpg,3,black-pawn,0.8184180855751038,279.6110534667969,248.96592712402344,340.871337890625,337.0477294921875,True
images/9a5bf09438b29aecc3a324_jpg.rf.1ca2c7a59c2a70682c057c6ebefd1e49.jpg,1,black-king,0.8103532195091248,481.89923095703125,95.64005279541016,559.6243286132812,242.91976928710938,True
images/9a5bf09438b29aecc3a324_jpg.rf.1ca2c7a59c2a70682c057c6ebefd1e49.jpg,9,white-pawn,0.8089258670806885,290.613037109375,745.2235107421875,360.5213928222656,811.9229125976562,True
images/9a5bf09438b29aecc3a324_jpg.rf.1ca2c7a59c2a70682c057c6ebefd1e49.jpg,0,black-bishop,0.8082167506217957,290.29510498046875,116.71501922607422,365.8797302246094,233.23184204101562,True
images/9a5bf09438b29aecc3a324_jpg.rf.1ca2c7a59c2a70682c057c6ebefd1e49.jpg,10,white-queen,0.8064826130867004,282.6894226074219,826.9765625,360.7558898925781,910.3648071289062,True
images/9a5bf09438b29aecc3a324_jpg.rf.1ca2c7a59c2a70682c057c6ebefd1e49.jpg,3,black-pawn,0.8045624494552612,388.4278869628906,450.93572998046875,452.47650146484375,522.94970703125,True
---,,,,,,,,
---,,,,,,,,
images/a77ab535b742141c4d5342_jpg.rf.02d7ee026057ba24b3a84df8da0cef77.jpg,3,black-pawn,0.8581210970878601,229.61253356933594,282.2486877441406,301.4342956542969,385.1766357421875,True
images/a77ab535b742141c4d5342_jpg.rf.02d7ee026057ba24b3a84df8da0cef77.jpg,3,black-pawn,0.8446959853172302,112.97824096679688,299.7696838378906,185.48997497558594,394.5104064941406,True
images/a77ab535b742141c4d5342_jpg.rf.02d7ee026057ba24b3a84df8da0cef77.jpg,9,white-pawn,0.8421590328216553,218.76669311523438,849.650634765625,291.6951599121094,932.7636108398438,True
images/a77ab535b742141c4d5342_jpg.rf.02d7ee026057ba24b3a84df8da0cef77.jpg,9,white-pawn,0.8409531712532043,454.034912109375,836.3440551757812,522.7606811523438,917.3157348632812,True
images/a77ab535b742141c4d5342_jpg.rf.02d7ee026057ba24b3a84df8da0cef77.jpg,9,white-pawn,0.8243042230606079,550.13916015625,841.8569946289062,624.8777465820312,917.7351684570312,True
images/a77ab535b742141c4d5342_jpg.rf.02d7ee026057ba24b3a84df8da0cef77.jpg,9,white-pawn,0.80803382396698,341.31396484375,835.892822265625,410.01251220703125,916.1929321289062,True
---,,,,,,,,
images/a83bc1d609f0abaef2e117_jpg.rf.4ae7ed16cc94ad39d4257fc3ca64cf4f.jpg,4,black-queen,0.8820987343788147,472.9897155761719,175.2083740234375,552.61962890625,315.31134033203125,True
images/a83bc1d609f0abaef2e117_jpg.rf.4ae7ed16cc94ad39d4257fc3ca64cf4f.jpg,9,white-pawn,0.8798511028289795,192.08966064453125,815.9540405273438,264.6708984375,886.6102294921875,True
images/a83bc1d609f0abaef2e117_jpg.rf.4ae7ed16cc94ad39d4257fc3ca64cf4f.jpg,9,white-pawn,0.8714962601661682,581.7173461914062,816.395751953125,647.6773681640625,888.5599975585938,True
images/a83bc1d609f0abaef2e117_jpg.rf.4ae7ed16cc94ad39d4257fc3ca64cf4f.jpg,9,white-pawn,0.8687448501586914,379.97357177734375,820.3800659179688,445.53314208984375,892.3316650390625,True
images/a83bc1d609f0abaef2e117_jpg.rf.4ae7ed16cc94ad39d4257fc3ca64cf4f.jpg,3,black-pawn,0.8580465316772461,572.948974609375,321.3034362792969,636.0335693359375,405.14349365234375,True
images/a83bc1d609f0abaef2e117_jpg.rf.4ae7ed16cc94ad39d4257fc3ca64cf4f.jpg,3,black-pawn,0.8564909100532532,382.0729675292969,328.5060119628906,445.80999755859375,407.9207458496094,True
images/a83bc1d609f0abaef2e117_jpg.rf.4ae7ed16cc94ad39d4257fc3ca64cf4f.jpg,5,black-rook,0.8528815507888794,770.5104370117188,183.5916748046875,870.2888793945312,296.9286193847656,True
images/a83bc1d609f0abaef2e117_jpg.rf.4ae7ed16cc94ad39d4257fc3ca64cf4f.jpg,3,black-pawn,0.8450784087181091,272.64813232421875,325.1252136230469,338.7068786621094,401.7906494140625,True
images/a83bc1d609f0abaef2e117_jpg.rf.4ae7ed16cc94ad39d4257fc3ca64cf4f.jpg,3,black-pawn,0.8432034850120544,482.99798583984375,319.7045593261719,544.0900268554688,402.5706787109375,True
images/a83bc1d609f0abaef2e117_jpg.rf.4ae7ed16cc94ad39d4257fc3ca64cf4f.jpg,3,black-pawn,0.8402974009513855,679.8931884765625,321.16180419921875,748.4310302734375,406.9850158691406,True
images/a83bc1d609f0abaef2e117_jpg.rf.4ae7ed16cc94ad39d4257fc3ca64cf4f.jpg,0,black-bishop,0.8368213772773743,290.16119384765625,192.4971466064453,369.294677734375,306.1256408691406,True
images/a83bc1d609f0abaef2e117_jpg.rf.4ae7ed16cc94ad39d4257fc3ca64cf4f.jpg,3,black-pawn,0.8350903391838074,186.4546661376953,326.84674072265625,257.7320861816406,405.89727783203125,True
images/a83bc1d609f0abaef2e117_jpg.rf.4ae7ed16cc94ad39d4257fc3ca64cf4f.jpg,9,white-pawn,0.8316943645477295,284.1788635253906,819.6576538085938,353.63006591796875,887.2835083007812,True
images/a83bc1d609f0abaef2e117_jpg.rf.4ae7ed16cc94ad39d4257fc3ca64cf4f.jpg,5,black-rook,0.8046229481697083,780.4043579101562,327.7852783203125,867.2166137695312,416.2279357910156,True
images/a83bc1d609f0abaef2e117_jpg.rf.4ae7ed16cc94ad39d4257fc3ca64cf4f.jpg,9,white-pawn,0.8014033436775208,769.9009399414062,815.2939453125,840.4334106445312,881.9950561523438,True
---,,,,,,,,
images/a83c4f9987bf25e17cae27_jpg.rf.b0d8b984ae232691bfd3087f620d6639.jpg,9,white-pawn,0.8731352090835571,176.84068298339844,517.7615966796875,244.23753356933594,599.3908081054688,True
images/a83c4f9987bf25e17cae27_jpg.rf.b0d8b984ae232691bfd3087f620d6639.jpg,3,black-pawn,0.863366425037384,573.4598388671875,314.825439453125,641.234619140625,403.32379150390625,True
images/a83c4f9987bf25e17cae27_jpg.rf.b0d8b984ae232691bfd3087f620d6639.jpg,9,white-pawn,0.8531651496887207,489.8351745605469,623.0070190429688,554.2461547851562,694.5768432617188,True
images/a83c4f9987bf25e17cae27_jpg.rf.b0d8b984ae232691bfd3087f620d6639.jpg,3,black-pawn,0.8458029627799988,481.1517028808594,309.1806945800781,544.3275756835938,396.0549011230469,True
images/a83c4f9987bf25e17cae27_jpg.rf.b0d8b984ae232691bfd3087f620d6639.jpg,2,black-knight,0.8337162137031555,376.1268310546875,619.3133544921875,457.80914306640625,704.6339111328125,True
images/a83c4f9987bf25e17cae27_jpg.rf.b0d8b984ae232691bfd3087f620d6639.jpg,5,black-rook,0.8327831625938416,661.334228515625,210.23959350585938,753.6873168945312,324.1478271484375,True
images/a83c4f9987bf25e17cae27_jpg.rf.b0d8b984ae232691bfd3087f620d6639.jpg,5,black-rook,0.8306573033332825,785.7078247070312,322.85406494140625,876.3189697265625,407.5036315917969,True
images/a83c4f9987bf25e17cae27_jpg.rf.b0d8b984ae232691bfd3087f620d6639.jpg,2,black-knight,0.8127810955047607,474.95526123046875,516.3386840820312,553.432373046875,599.4993286132812,True
images/a83c4f9987bf25e17cae27_jpg.rf.b0d8b984ae232691bfd3087f620d6639.jpg,2,black-knight,0.8052385449409485,575.9248657226562,710.9307861328125,657.6421508789062,791.737548828125,True
---,,,,,,,,
images/a86370537524d67a8f3573_jpg.rf.4f254e06e67669b4b72846f0c0ef3113.jpg,9,white-pawn,0.8398555517196655,312.7056579589844,577.4715576171875,367.6580505371094,637.1055297851562,True
---,,,,,,,,
images/add31d1a1f6dbc33e57c65_jpg.rf.ae1b18693b7d8226beeb8fbd575b95b2.jpg,2,black-knight,0.8131749629974365,397.6896057128906,919.579345703125,482.8789978027344,1015.940185546875,True
images/add31d1a1f6dbc33e57c65_jpg.rf.ae1b18693b7d8226beeb8fbd575b95b2.jpg,8,white-knight,0.8016077876091003,654.452392578125,219.9849395751953,725.8727416992188,332.3356018066406,True
---,,,,,,,,
images/add8addca8ab0bf552ba74_jpg.rf.94967de39427de32c7faa50ceca4eeb5.jpg,11,white-rook,0.8691554665565491,163.7020721435547,402.95654296875,256.6723327636719,489.35089111328125,True
images/add8addca8ab0bf552ba74_jpg.rf.94967de39427de32c7faa50ceca4eeb5.jpg,9,white-pawn,0.8505798578262329,446.5186767578125,487.0893859863281,501.84674072265625,555.0955200195312,True
images/add8addca8ab0bf552ba74_jpg.rf.94967de39427de32c7faa50ceca4eeb5.jpg,1,black-king,0.8306468725204468,318.459716796875,373.1829528808594,428.18341064453125,486.12738037109375,True
images/add8addca8ab0bf552ba74_jpg.rf.94967de39427de32c7faa50ceca4eeb5.jpg,2,black-knight,0.8114184141159058,171.90625,582.5156860351562,256.5650634765625,654.626220703125,True
---,,,,,,,,
images/bb60389af0bc52e20bad16_jpg.rf.3831e8dfa9a0f2b0cce7227661ff73c4.jpg,9,white-pawn,0.8614323735237122,583.7335205078125,851.3634643554688,649.5426635742188,920.2659301757812,True
images/bb60389af0bc52e20bad16_jpg.rf.3831e8dfa9a0f2b0cce7227661ff73c4.jpg,9,white-pawn,0.8559931516647339,195.31362915039062,844.7219848632812,264.8346862792969,914.5826416015625,True
images/bb60389af0bc52e20bad16_jpg.rf.3831e8dfa9a0f2b0cce7227661ff73c4.jpg,9,white-pawn,0.8548538088798523,380.5665283203125,852.343017578125,444.6204833984375,923.4517822265625,True
images/bb60389af0bc52e20bad16_jpg.rf.3831e8dfa9a0f2b0cce7227661ff73c4.jpg,4,black-queen,0.8534439206123352,479.0426025390625,212.60794067382812,557.8632202148438,348.1699523925781,True
images/bb60389af0bc52e20bad16_jpg.rf.3831e8dfa9a0f2b0cce7227661ff73c4.jpg,3,black-pawn,0.8513116836547852,489.51934814453125,349.9489440917969,547.4987182617188,432.3446960449219,True
images/bb60389af0bc52e20bad16_jpg.rf.3831e8dfa9a0f2b0cce7227661ff73c4.jpg,2,black-knight,0.8499668836593628,177.48110961914062,216.22732543945312,262.9801025390625,328.1771240234375,True
images/bb60389af0bc52e20bad16_jpg.rf.3831e8dfa9a0f2b0cce7227661ff73c4.jpg,3,black-pawn,0.8477871417999268,389.64056396484375,363.3550720214844,448.90814208984375,439.57257080078125,True
images/bb60389af0bc52e20bad16_jpg.rf.3831e8dfa9a0f2b0cce7227661ff73c4.jpg,3,black-pawn,0.8475365042686462,194.59841918945312,359.3320007324219,263.2851257324219,436.09967041015625,True
images/bb60389af0bc52e20bad16_jpg.rf.3831e8dfa9a0f2b0cce7227661ff73c4.jpg,2,black-knight,0.8379745483398438,665.1967163085938,213.26205444335938,749.4132690429688,332.46954345703125,True
images/bb60389af0bc52e20bad16_jpg.rf.3831e8dfa9a0f2b0cce7227661ff73c4.jpg,5,black-rook,0.8350075483322144,773.0765380859375,223.76832580566406,872.8042602539062,329.4939270019531,True
images/bb60389af0bc52e20bad16_jpg.rf.3831e8dfa9a0f2b0cce7227661ff73c4.jpg,9,white-pawn,0.826815664768219,285.82708740234375,848.5940551757812,352.18389892578125,920.3501586914062,True
images/bb60389af0bc52e20bad16_jpg.rf.3831e8dfa9a0f2b0cce7227661ff73c4.jpg,9,white-pawn,0.8233333826065063,472.1738586425781,847.842041015625,539.5098266601562,918.7047729492188,True
images/bb60389af0bc52e20bad16_jpg.rf.3831e8dfa9a0f2b0cce7227661ff73c4.jpg,3,black-pawn,0.8205599188804626,786.4070434570312,363.7566833496094,866.3082275390625,449.2862854003906,True
images/bb60389af0bc52e20bad16_jpg.rf.3831e8dfa9a0f2b0cce7227661ff73c4.jpg,3,black-pawn,0.8121633529663086,684.318115234375,351.9953308105469,754.8716430664062,438.2489318847656,True
images/bb60389af0bc52e20bad16_jpg.rf.3831e8dfa9a0f2b0cce7227661ff73c4.jpg,3,black-pawn,0.8068009614944458,280.5439758300781,355.6978759765625,341.8556213378906,432.147705078125,True
images/bb60389af0bc52e20bad16_jpg.rf.3831e8dfa9a0f2b0cce7227661ff73c4.jpg,3,black-pawn,0.8053995966911316,579.5376586914062,354.0484619140625,643.0220336914062,438.3431091308594,True
---,,,,,,,,
---,,,,,,,,
---,,,,,,,,
images/dbbbbc747452d60c8f4326_jpg.rf.61addec5a4453c81bcb4da9bc7e17cca.jpg,5,black-rook,0.8791822195053101,688.4255981445312,180.93043518066406,780.5346069335938,293.4613952636719,True
images/dbbbbc747452d60c8f4326_jpg.rf.61addec5a4453c81bcb4da9bc7e17cca.jpg,3,black-pawn,0.8551121354103088,301.7503662109375,308.7259826660156,367.1551513671875,390.85479736328125,True
images/dbbbbc747452d60c8f4326_jpg.rf.61addec5a4453c81bcb4da9bc7e17cca.jpg,9,white-pawn,0.8550999164581299,213.63690185546875,502.8885803222656,279.61871337890625,578.8411254882812,True
images/dbbbbc747452d60c8f4326_jpg.rf.61addec5a4453c81bcb4da9bc7e17cca.jpg,4,black-queen,0.852013349533081,402.00103759765625,261.07391357421875,481.7456359863281,395.5564270019531,True
images/dbbbbc747452d60c8f4326_jpg.rf.61addec5a4453c81bcb4da9bc7e17cca.jpg,3,black-pawn,0.8472821712493896,600.3858642578125,308.9881896972656,667.2860107421875,393.0223388671875,True
images/dbbbbc747452d60c8f4326_jpg.rf.61addec5a4453c81bcb4da9bc7e17cca.jpg,3,black-pawn,0.8340120315551758,206.426025390625,411.35589599609375,277.5933837890625,481.077392578125,True
images/dbbbbc747452d60c8f4326_jpg.rf.61addec5a4453c81bcb4da9bc7e17cca.jpg,9,white-pawn,0.8276296854019165,513.9354858398438,609.94384765625,579.2872314453125,676.8827514648438,True
images/dbbbbc747452d60c8f4326_jpg.rf.61addec5a4453c81bcb4da9bc7e17cca.jpg,3,black-pawn,0.8262207508087158,410.1485595703125,509.2275390625,474.6760559082031,582.0013427734375,True
images/dbbbbc747452d60c8f4326_jpg.rf.61addec5a4453c81bcb4da9bc7e17cca.jpg,5,black-rook,0.8258178234100342,806.49169921875,320.8411560058594,897.0872192382812,406.619140625,True
images/dbbbbc747452d60c8f4326_jpg.rf.61addec5a4453c81bcb4da9bc7e17cca.jpg,3,black-pawn,0.8257035613059998,104.91539764404297,292.41925048828125,175.400390625,373.8445739746094,True
images/dbbbbc747452d60c8f4326_jpg.rf.61addec5a4453c81bcb4da9bc7e17cca.jpg,3,black-pawn,0.8222124576568604,509.6891174316406,306.2177734375,571.5464477539062,389.21240234375,True
---,,,,,,,,
images/e5b7b0beb5c916974fd880_jpg.rf.21b960dee14895dbcbe2f9fa28dfec04.jpg,7,white-king,0.8634992837905884,500.90924072265625,281.96734619140625,599.1775512695312,425.52252197265625,True
---,,,,,,,,
images/e8b3a7baa2cd019358dc78_jpg.rf.8923734c761b3fbac4dc999d012d42c4.jpg,9,white-pawn,0.8153624534606934,388.3538818359375,219.32608032226562,457.49658203125,307.88433837890625,True
---,,,,,,,,
images/f1378bda43fce1a2b8ed20_jpg.rf.a8b8aebc1e65890ddaa83d531feb9f73.jpg,5,black-rook,0.8758795857429504,782.92333984375,178.7007293701172,884.9666137695312,286.33270263671875,True
images/f1378bda43fce1a2b8ed20_jpg.rf.a8b8aebc1e65890ddaa83d531feb9f73.jpg,0,black-bishop,0.8615084886550903,581.47216796875,181.14901733398438,655.9013061523438,293.39385986328125,True
images/f1378bda43fce1a2b8ed20_jpg.rf.a8b8aebc1e65890ddaa83d531feb9f73.jpg,3,black-pawn,0.8532848954200745,297.3318786621094,322.16412353515625,360.0760192871094,400.24359130859375,True
images/f1378bda43fce1a2b8ed20_jpg.rf.a8b8aebc1e65890ddaa83d531feb9f73.jpg,3,black-pawn,0.8529640436172485,587.0213012695312,315.4244079589844,652.2699584960938,397.9681091308594,True
images/f1378bda43fce1a2b8ed20_jpg.rf.a8b8aebc1e65890ddaa83d531feb9f73.jpg,1,black-king,0.842759907245636,390.5711975097656,157.4191131591797,469.5013122558594,306.0545654296875,True
images/f1378bda43fce1a2b8ed20_jpg.rf.a8b8aebc1e65890ddaa83d531feb9f73.jpg,9,white-pawn,0.8391851186752319,503.1982727050781,611.2050170898438,562.1619873046875,678.0120849609375,True
images/f1378bda43fce1a2b8ed20_jpg.rf.a8b8aebc1e65890ddaa83d531feb9f73.jpg,9,white-pawn,0.839159369468689,300.70733642578125,809.12744140625,368.87054443359375,872.38671875,True
images/f1378bda43fce1a2b8ed20_jpg.rf.a8b8aebc1e65890ddaa83d531feb9f73.jpg,3,black-pawn,0.8365712761878967,498.77423095703125,311.63665771484375,560.4238891601562,393.4408874511719,True
images/f1378bda43fce1a2b8ed20_jpg.rf.a8b8aebc1e65890ddaa83d531feb9f73.jpg,3,black-pawn,0.8341730237007141,404.60235595703125,517.5003051757812,465.10357666015625,579.2509155273438,True
images/f1378bda43fce1a2b8ed20_jpg.rf.a8b8aebc1e65890ddaa83d531feb9f73.jpg,5,black-rook,0.8231804370880127,793.961669921875,322.00848388671875,882.2958984375,405.84564208984375,True
images/f1378bda43fce1a2b8ed20_jpg.rf.a8b8aebc1e65890ddaa83d531feb9f73.jpg,5,black-rook,0.816234290599823,86.16044616699219,181.26724243164062,189.36033630371094,288.12054443359375,True
images/f1378bda43fce1a2b8ed20_jpg.rf.a8b8aebc1e65890ddaa83d531feb9f73.jpg,9,white-pawn,0.8138505816459656,194.6228790283203,608.198486328125,266.2540588378906,671.5089721679688,True
images/f1378bda43fce1a2b8ed20_jpg.rf.a8b8aebc1e65890ddaa83d531feb9f73.jpg,9,white-pawn,0.8103167414665222,591.7440185546875,806.0870361328125,658.5818481445312,875.0147094726562,True
images/f1378bda43fce1a2b8ed20_jpg.rf.a8b8aebc1e65890ddaa83d531feb9f73.jpg,9,white-pawn,0.8058797717094421,675.5131225585938,808.7799682617188,737.0003051757812,872.7869262695312,True
images/f1378bda43fce1a2b8ed20_jpg.rf.a8b8aebc1e65890ddaa83d531feb9f73.jpg,2,black-knight,0.8028603792190552,307.2112121582031,187.6252899169922,382.43450927734375,299.6147155761719,True
---,,,,,,,,
images/f14389ae4188e3d6ba9919_jpg.rf.21f71e0b160e50fadb99ce3ea6ccfc72.jpg,5,black-rook,0.8744701147079468,49.975093841552734,176.00440979003906,156.91676330566406,286.7997131347656,True
images/f14389ae4188e3d6ba9919_jpg.rf.21f71e0b160e50fadb99ce3ea6ccfc72.jpg,9,white-pawn,0.8561996817588806,164.9469451904297,608.1416625976562,240.30580139160156,675.3519897460938,True
images/f14389ae4188e3d6ba9919_jpg.rf.21f71e0b160e50fadb99ce3ea6ccfc72.jpg,9,white-pawn,0.854735791683197,370.1523132324219,812.7235107421875,436.5700378417969,881.9912719726562,True
images/f14389ae4188e3d6ba9919_jpg.rf.21f71e0b160e50fadb99ce3ea6ccfc72.jpg,4,black-queen,0.8474810123443604,363.834716796875,152.72354125976562,444.8894958496094,304.9893493652344,True
images/f14389ae4188e3d6ba9919_jpg.rf.21f71e0b160e50fadb99ce3ea6ccfc72.jpg,3,black-pawn,0.8431999683380127,473.8778991699219,303.30902099609375,533.2831420898438,393.01116943359375,True
images/f14389ae4188e3d6ba9919_jpg.rf.21f71e0b160e50fadb99ce3ea6ccfc72.jpg,9,white-pawn,0.8401103615760803,573.0076904296875,809.083740234375,638.1417846679688,876.7809448242188,True
images/f14389ae4188e3d6ba9919_jpg.rf.21f71e0b160e50fadb99ce3ea6ccfc72.jpg,5,black-rook,0.8362060189247131,758.1626586914062,171.32492065429688,859.8970336914062,287.3212585449219,True
images/f14389ae4188e3d6ba9919_jpg.rf.21f71e0b160e50fadb99ce3ea6ccfc72.jpg,3,black-pawn,0.8320108652114868,268.84814453125,314.7284851074219,330.5823669433594,397.6766357421875,True
images/f14389ae4188e3d6ba9919_jpg.rf.21f71e0b160e50fadb99ce3ea6ccfc72.jpg,2,black-knight,0.8317033052444458,261.39776611328125,397.0475158691406,344.47637939453125,492.11212158203125,True
images/f14389ae4188e3d6ba9919_jpg.rf.21f71e0b160e50fadb99ce3ea6ccfc72.jpg,3,black-pawn,0.8295665979385376,562.5062255859375,310.1731262207031,625.4488525390625,398.119140625,True
images/f14389ae4188e3d6ba9919_jpg.rf.21f71e0b160e50fadb99ce3ea6ccfc72.jpg,0,black-bishop,0.8288890719413757,554.122314453125,175.9428253173828,629.863037109375,292.4853210449219,True
images/f14389ae4188e3d6ba9919_jpg.rf.21f71e0b160e50fadb99ce3ea6ccfc72.jpg,3,black-pawn,0.8137037754058838,376.850830078125,513.1012573242188,438.6714782714844,582.9329833984375,True
images/f14389ae4188e3d6ba9919_jpg.rf.21f71e0b160e50fadb99ce3ea6ccfc72.jpg,9,white-pawn,0.8013235330581665,479.4928283691406,606.43359375,539.6620483398438,677.856201171875,True
---,,,,,,,,
---,,,,,,,,
images/f675cca60480a6deff9121_jpg.rf.4efd586e8be3e6673cc065a9571e6f3d.jpg,9,white-pawn,0.8827324509620667,378.7984313964844,816.6312866210938,444.6858825683594,888.4390258789062,True
images/f675cca60480a6deff9121_jpg.rf.4efd586e8be3e6673cc065a9571e6f3d.jpg,9,white-pawn,0.8671172857284546,579.7039794921875,812.6717529296875,643.9283447265625,883.3020629882812,True
images/f675cca60480a6deff9121_jpg.rf.4efd586e8be3e6673cc065a9571e6f3d.jpg,4,black-queen,0.8652105927467346,370.9518737792969,274.832763671875,451.7102355957031,407.709228515625,True
images/f675cca60480a6deff9121_jpg.rf.4efd586e8be3e6673cc065a9571e6f3d.jpg,2,black-knight,0.8535225987434387,271.1266174316406,413.28887939453125,352.05841064453125,500.3052062988281,True
images/f675cca60480a6deff9121_jpg.rf.4efd586e8be3e6673cc065a9571e6f3d.jpg,9,white-pawn,0.8491448163986206,489.37078857421875,622.3134765625,548.82421875,689.3504028320312,True
images/f675cca60480a6deff9121_jpg.rf.4efd586e8be3e6673cc065a9571e6f3d.jpg,3,black-pawn,0.8485862612724304,484.1781005859375,321.70684814453125,541.2426147460938,402.3689270019531,True
images/f675cca60480a6deff9121_jpg.rf.4efd586e8be3e6673cc065a9571e6f3d.jpg,3,black-pawn,0.8368174433708191,571.3167114257812,321.1624450683594,635.1797485351562,406.1913757324219,True
images/f675cca60480a6deff9121_jpg.rf.4efd586e8be3e6673cc065a9571e6f3d.jpg,10,white-queen,0.8352581858634949,473.259765625,700.9557495117188,550.7852783203125,794.9366455078125,True
images/f675cca60480a6deff9121_jpg.rf.4efd586e8be3e6673cc065a9571e6f3d.jpg,5,black-rook,0.8308871984481812,767.57080078125,188.9831085205078,866.4575805664062,296.46429443359375,True
images/f675cca60480a6deff9121_jpg.rf.4efd586e8be3e6673cc065a9571e6f3d.jpg,9,white-pawn,0.8306665420532227,284.4870300292969,817.618896484375,352.8446350097656,886.9368286132812,True
images/f675cca60480a6deff9121_jpg.rf.4efd586e8be3e6673cc065a9571e6f3d.jpg,9,white-pawn,0.830610454082489,175.74026489257812,617.1837158203125,250.18545532226562,681.8983764648438,True
images/f675cca60480a6deff9121_jpg.rf.4efd586e8be3e6673cc065a9571e6f3d.jpg,3,black-pawn,0.8274604082107544,385.3136291503906,522.0733642578125,446.7341613769531,590.9429931640625,True
images/f675cca60480a6deff9121_jpg.rf.4efd586e8be3e6673cc065a9571e6f3d.jpg,3,black-pawn,0.8035857081413269,276.23980712890625,325.1632995605469,339.1607971191406,407.0187683105469,True
---,,,,,,,,
images/f6ac96415e67fc39a57618_jpg.rf.a1c547df194d6a3b4e74a4fd9b4c593f.jpg,1,black-king,0.9246818423271179,373.2392578125,167.5184326171875,462.78289794921875,328.6309814453125,True
images/f6ac96415e67fc39a57618_jpg.rf.a1c547df194d6a3b4e74a4fd9b4c593f.jpg,9,white-pawn,0.8786041736602783,602.5390014648438,842.5924072265625,671.6644287109375,917.3377685546875,True
images/f6ac96415e67fc39a57618_jpg.rf.a1c547df194d6a3b4e74a4fd9b4c593f.jpg,5,black-rook,0.8778353929519653,784.1585693359375,181.32687377929688,886.7224731445312,297.9978332519531,True
images/f6ac96415e67fc39a57618_jpg.rf.a1c547df194d6a3b4e74a4fd9b4c593f.jpg,0,black-bishop,0.8670734763145447,572.8368530273438,185.58914184570312,646.1629638671875,310.34832763671875,True
images/f6ac96415e67fc39a57618_jpg.rf.a1c547df194d6a3b4e74a4fd9b4c593f.jpg,0,black-bishop,0.851352870464325,289.8575744628906,202.1432342529297,367.8922424316406,322.0776062011719,True
images/f6ac96415e67fc39a57618_jpg.rf.a1c547df194d6a3b4e74a4fd9b4c593f.jpg,4,black-queen,0.8458739519119263,473.2748718261719,179.15252685546875,555.8051147460938,327.55255126953125,True
images/f6ac96415e67fc39a57618_jpg.rf.a1c547df194d6a3b4e74a4fd9b4c593f.jpg,3,black-pawn,0.8406139612197876,489.6970520019531,322.1801452636719,552.1884155273438,413.6484680175781,True
images/f6ac96415e67fc39a57618_jpg.rf.a1c547df194d6a3b4e74a4fd9b4c593f.jpg,3,black-pawn,0.8392196297645569,581.8538208007812,322.72406005859375,646.3001708984375,417.1709899902344,True
images/f6ac96415e67fc39a57618_jpg.rf.a1c547df194d6a3b4e74a4fd9b4c593f.jpg,3,black-pawn,0.8371881246566772,391.28302001953125,541.2593994140625,456.2213439941406,612.43408203125,True
images/f6ac96415e67fc39a57618_jpg.rf.a1c547df194d6a3b4e74a4fd9b4c593f.jpg,9,white-pawn,0.8353749513626099,501.2566833496094,640.3082275390625,567.049560546875,709.7566528320312,True
images/f6ac96415e67fc39a57618_jpg.rf.a1c547df194d6a3b4e74a4fd9b4c593f.jpg,9,white-pawn,0.8278764486312866,389.8963623046875,851.5621337890625,460.6374206542969,924.0399780273438,True
images/f6ac96415e67fc39a57618_jpg.rf.a1c547df194d6a3b4e74a4fd9b4c593f.jpg,9,white-pawn,0.8168297410011292,293.7337646484375,852.1377563476562,362.6798400878906,924.254638671875,True
images/f6ac96415e67fc39a57618_jpg.rf.a1c547df194d6a3b4e74a4fd9b4c593f.jpg,9,white-pawn,0.8143274188041687,691.9863891601562,840.7438354492188,761.7437744140625,915.4690551757812,True
images/f6ac96415e67fc39a57618_jpg.rf.a1c547df194d6a3b4e74a4fd9b4c593f.jpg,9,white-pawn,0.8082737922668457,801.3972778320312,838.822509765625,879.1378173828125,908.671142578125,True
images/f6ac96415e67fc39a57618_jpg.rf.a1c547df194d6a3b4e74a4fd9b4c593f.jpg,9,white-pawn,0.8055219650268555,176.78573608398438,640.1962890625,254.01382446289062,710.6732788085938,True
images/f6ac96415e67fc39a57618_jpg.rf.a1c547df194d6a3b4e74a4fd9b4c593f.jpg,3,black-pawn,0.8036075830459595,271.6428527832031,334.8607482910156,335.5720520019531,419.42852783203125,True
---,,,,,,,,
images/f929f19bf3ec50b209fd51_jpg.rf.78921aa615b99136a5fb993dd106a9b8.jpg,9,white-pawn,0.8290979862213135,346.881591796875,478.88653564453125,420.47283935546875,569.6072998046875,True
images/f929f19bf3ec50b209fd51_jpg.rf.78921aa615b99136a5fb993dd106a9b8.jpg,9,white-pawn,0.8188623189926147,556.6881713867188,474.3543701171875,621.420654296875,552.4673461914062,True
---,,,,,,,,
